{
  "freihand": {
    "x": {
      "min": -0.08941814303398132,
      "max": 0.10177828371524811,
      "mean": 0.0021997024305164814,
      "std": 0.03666898235678673,
      "percentiles": {
        "p05": -0.05751495435833931,
        "p95": 0.062217894941568375
      }
    },
    "y": {
      "min": -0.09427313506603241,
      "max": 0.08133451640605927,
      "mean": -0.0010197352385148406,
      "std": 0.030502168461680412,
      "percentiles": {
        "p05": -0.05271422117948532,
        "p95": 0.04764087125658989
      }
    },
    "z": {
      "min": 0.46239715814590454,
      "max": 0.9090712666511536,
      "mean": 0.6775438189506531,
      "std": 0.08036549389362335,
      "percentiles": {
        "p05": 0.5525325536727905,
        "p95": 0.8064641356468201
      }
    }
  },
  "comparison": {},
  "secuencias": {
    "x": {
      "min": -0.0905354917049408,
      "max": 0.10163238644599915,
      "mean": 0.0007485280511900783,
      "std": 0.032357439398765564
    },
    "y": {
      "min": -0.09995245933532715,
      "max": 0.09059378504753113,
      "mean": -0.0008039008243940771,
      "std": 0.03210830315947533
    },
    "z": {
      "min": 0.3886594772338867,
      "max": 0.9110866785049438,
      "mean": 0.6762159466743469,
      "std": 0.09631915390491486
    }
  }
}