{
  "freihand": {
    "mean": [
      -0.0011899166274815798,
      0.01903551258146763,
      0.6789130568504333,
      -0.0013386952923610806,
      0.007578590419143438,
      0.6779510378837585,
      -0.0012949822703376412,
      -0.0037069262471050024,
      0.6767063736915588,
      -0.0006930505041964352,
      -0.009716597385704517,
      0.6757241487503052,
      0.00016960861103143543,
      -0.017137130722403526,
      0.6746776700019836,
      -0.00016476240125484765,
      -0.010440321639180183,
      0.675342321395874,
      0.0008440481615252793,
      -0.015116921626031399,
      0.6746070981025696,
      0.0017905565910041332,
      -0.014645771123468876,
      0.6746267676353455,
      0.00293468264862895,
      -0.014545462094247341,
      0.6745087504386902,
      0.0011679601157084107,
      -0.003675018437206745,
      0.6756259799003601,
      0.0026006426196545362,
      -0.005532023962587118,
      0.6748411059379578,
      0.00356284505687654,
      -0.0046974364668130875,
      0.6746880412101746,
      0.004529816564172506,
      -0.005440062843263149,
      0.6740017533302307,
      0.002095910720527172,
      0.008279739879071712,
      0.6767759323120117,
      0.003205985529348254,
      0.0052797747775912285,
      0.676313042640686,
      0.0038597367238253355,
      0.0057573821395635605,
      0.6765149831771851,
      0.0040239314548671246,
      0.004901747684925795,
      0.6765231490135193,
      0.0027340096421539783,
      0.01828519068658352,
      0.6779301762580872,
      0.003587221261113882,
      0.01705065742135048,
      0.6779596209526062,
      0.003835556097328663,
      0.016422033309936523,
      0.6781354546546936,
      0.003848491935059428,
      0.014297900721430779,
      0.6780536770820618
    ],
    "std": [
      0.045933376997709274,
      0.02984825149178505,
      0.11676467955112457,
      0.03135811537504196,
      0.024168074131011963,
      0.10945343971252441,
      0.027904968708753586,
      0.02672846056520939,
      0.10538841038942337,
      0.029295338317751884,
      0.029726071283221245,
      0.10110874474048615,
      0.042326971888542175,
      0.03993697836995125,
      0.10030942410230637,
      0.018088215962052345,
      0.015352222137153149,
      0.08936390280723572,
      0.02940337359905243,
      0.022516213357448578,
      0.08485081791877747,
      0.037492893636226654,
      0.02778446115553379,
      0.08468521386384964,
      0.04870825260877609,
      0.03564409539103508,
      0.0871453583240509,
      0.018325336277484894,
      0.016666261479258537,
      0.08448366075754166,
      0.030072785913944244,
      0.024108482524752617,
      0.08121941983699799,
      0.03812233731150627,
      0.029447762295603752,
      0.08245804160833359,
      0.04939381033182144,
      0.03804001584649086,
      0.08649230003356934,
      0.019935013726353645,
      0.020055510103702545,
      0.0852329358458519,
      0.027300026267766953,
      0.024751191958785057,
      0.08176351338624954,
      0.034719277173280716,
      0.029855085536837578,
      0.08299311250448227,
      0.04390419274568558,
      0.036697354167699814,
      0.0870506539940834,
      0.02497806027531624,
      0.023877304047346115,
      0.08840792626142502,
      0.02937077358365059,
      0.02817746251821518,
      0.085816890001297,
      0.03397237882018089,
      0.03243282437324524,
      0.08625668287277222,
      0.04026251286268234,
      0.038028717041015625,
      0.08831541240215302
    ]
  },
  "hagrid": {}
}