{
  "title": "ST-GCN con Atenci\u00f3n - Resultados de Entrenamiento",
  "epochs": [
    1,
    2,
    3,
    4,
    5,
    6,
    7,
    8,
    9,
    10
  ],
  "loss": [
    2.2275172149658204,
    2.170898137664795,
    2.16520021648407,
    2.1662490564346313,
    2.161225391960144,
    2.1548874362945556,
    2.151970634460449,
    2.15222518825531,
    2.149644628715515,
    2.1485268989562987
  ],
  "accuracy": [
    48.695,
    50.0,
    50.0,
    50.0,
    50.0,
    50.0,
    50.0,
    50.0,
    50.0,
    50.0
  ]
}